Season,Position,Team,Points,Played,Won,Drawn,Lost,GF,GA,Diff,Form
2003-2004,1,OLYMPIQUE LYONNAIS,79,38,24,7,7,64,26,+38,drawwinwinlosewin
2003-2004,2,PARIS SAINT-GERMAIN,76,38,22,10,6,50,28,+22,drawwinlosewinwin
2003-2004,3,AS MONACO,75,38,21,12,5,59,30,+29,winwindrawlosewin
2003-2004,4,AJ AUXERRE,65,38,19,8,11,60,34,+26,losedrawwinwindraw
2003-2004,5,FC SOCHAUX-MONTBÉLIARD,63,38,18,9,11,54,42,+12,winloselosewinlose
2003-2004,6,FC NANTES,60,38,17,9,12,47,35,+12,winwindrawlosewin
2003-2004,7,OLYMPIQUE DE MARSEILLE,57,38,17,6,15,51,45,+6,loselosedrawlosewin
2003-2004,8,RC LENS,53,38,15,8,15,34,48,-14,drawwinlosewinlose
2003-2004,9,STADE RENNAIS FC,52,38,14,10,14,56,44,+12,winlosedrawwinwin
2003-2004,10,LOSC LILLE,51,38,14,9,15,41,41,0,losewindrawwinlose
2003-2004,11,OGC NICE,50,38,11,17,10,42,39,+3,losedrawdrawwindraw
2003-2004,12,FC GIRONDINS DE BORDEAUX,50,38,13,11,14,40,43,-3,drawlosewinloselose
2003-2004,13,RC STRASBOURG ALSACE,43,38,10,13,15,43,50,-7,drawdrawdrawwindraw
2003-2004,14,FC METZ,42,38,11,9,18,34,42,-8,winlosedrawwinlose
2003-2004,15,AC AJACCIO,40,38,10,10,18,33,55,-22,drawdrawwinlosewin
2003-2004,16,TOULOUSE FC,39,38,9,12,17,31,44,-13,drawlosedrawwindraw
2003-2004,17,SC BASTIA,39,38,9,12,17,33,49,-16,losedrawloseloselose
2003-2004,18,EN AVANT GUINGAMP,38,38,10,8,20,36,58,-22,drawlosedrawloselose
2003-2004,19,LE MANS FC,38,38,9,11,18,35,57,-22,winwindrawlosewin
2003-2004,20,MONTPELLIER HÉRAULT SC,31,38,8,7,23,41,74,-33,losedrawdrawloselose
2004-2005,1,OLYMPIQUE LYONNAIS,79,38,22,13,3,56,22,+34,winwinwinwindraw
2004-2005,2,LOSC LILLE,67,38,18,13,7,52,29,+23,winwinwinlosewin
2004-2005,3,AS MONACO,63,38,15,18,5,52,35,+17,windrawwindrawdraw
2004-2005,4,STADE RENNAIS FC,55,38,15,10,13,49,42,+7,windrawlosewinlose
2004-2005,5,OLYMPIQUE DE MARSEILLE,55,38,15,10,13,47,42,+5,drawlosedrawlosedraw
2004-2005,6,AS SAINT-ÉTIENNE,53,38,12,17,9,47,34,+13,drawwinlosewindraw
2004-2005,7,RC LENS,52,38,13,13,12,45,39,+6,windrawwinlosewin
2004-2005,8,AJ AUXERRE,52,38,14,10,14,48,47,+1,losedrawdrawloselose
2004-2005,9,PARIS SAINT-GERMAIN,51,38,12,15,11,40,41,-1,winlosedrawlosewin
2004-2005,10,FC SOCHAUX-MONTBÉLIARD,50,38,13,11,14,42,41,+1,loselosedrawwinlose
2004-2005,11,RC STRASBOURG ALSACE,48,38,12,12,14,42,43,-1,losewinwinlosewin
2004-2005,12,OGC NICE,46,38,10,16,12,38,45,-7,losedrawwinwindraw
2004-2005,13,TOULOUSE FC,46,38,12,10,16,36,43,-7,loseloseloseloselose
2004-2005,14,AC AJACCIO,45,38,10,15,13,36,40,-4,drawloselosewinwin
2004-2005,15,FC GIRONDINS DE BORDEAUX,44,38,8,20,10,37,41,-4,drawdrawlosedrawdraw
2004-2005,16,FC METZ,44,38,10,14,14,33,45,-12,drawdrawlosewinlose
2004-2005,17,FC NANTES,43,38,10,13,15,33,38,-5,drawdrawloselosewin
2004-2005,18,STADE MALHERBE CAEN,42,38,10,12,16,36,60,-24,losewinwinwinlose
2004-2005,19,SC BASTIA,41,38,11,8,19,32,48,-16,winwinlosewinlose
2004-2005,20,F.C. ISTRES OUEST PROVENCE,32,38,6,14,18,25,51,-26,loselosewinlosewin
2005-2006,1,OLYMPIQUE LYONNAIS,84,38,25,9,4,73,31,+42,winwinwinlosewin
2005-2006,2,FC GIRONDINS DE BORDEAUX,69,38,18,15,5,43,25,+18,drawlosedrawwindraw
2005-2006,3,LOSC LILLE,62,38,16,14,8,56,31,+25,drawwinlosewindraw
2005-2006,4,RC LENS,60,38,14,18,6,48,34,+14,drawlosewindrawwin
2005-2006,5,OLYMPIQUE DE MARSEILLE,60,38,16,12,10,44,35,+9,losewinwindrawdraw
2005-2006,6,AJ AUXERRE,59,38,17,8,13,50,39,+11,drawloselosewinwin
2005-2006,7,STADE RENNAIS FC,59,38,18,5,15,48,49,-1,winlosedrawdrawdraw
2005-2006,8,OGC NICE,58,38,16,10,12,36,31,+5,losewinwinwinwin
2005-2006,9,PARIS SAINT-GERMAIN,52,38,13,13,12,44,38,+6,drawlosedrawloselose
2005-2006,10,AS MONACO,52,38,13,13,12,42,36,+6,windrawdrawdrawdraw
2005-2006,11,LE MANS FC,52,38,13,13,12,33,36,-3,drawdrawdrawdrawlose
2005-2006,12,AS NANCY LORRAINE,48,38,12,12,14,35,37,-2,drawlosewinlosedraw
2005-2006,13,AS SAINT-ÉTIENNE,47,38,11,14,13,29,39,-10,drawwinlosedrawlose
2005-2006,14,FC NANTES,45,38,11,12,15,37,41,-4,winwindrawloselose
2005-2006,15,FC SOCHAUX-MONTBÉLIARD,44,38,11,11,16,34,47,-13,losedrawwindrawwin
2005-2006,16,TOULOUSE FC,41,38,10,11,17,36,47,-11,losewinlosedrawlose
2005-2006,17,ESTAC TROYES,39,38,9,12,17,37,47,-10,winwinwindrawlose
2005-2006,18,AC AJACCIO,33,38,8,9,21,27,53,-26,winloselosewinwin
2005-2006,19,RC STRASBOURG ALSACE,29,38,5,14,19,33,56,-23,losedrawlosedrawlose
2005-2006,20,FC METZ,29,38,6,11,21,26,59,-33,loseloseloselosewin
2006-2007,1,OLYMPIQUE LYONNAIS,81,38,24,9,5,64,27,+37,windrawwinlosewin
2006-2007,2,OLYMPIQUE DE MARSEILLE,64,38,19,7,12,53,38,+15,winwinwinwinwin
2006-2007,3,TOULOUSE FC,58,38,17,7,14,44,43,+1,loseloselosedrawwin
2006-2007,4,STADE RENNAIS FC,57,38,14,15,9,38,30,+8,windrawdrawwindraw
2006-2007,5,RC LENS,57,38,15,12,11,47,41,+6,losewinlosedrawlose
2006-2007,6,FC GIRONDINS DE BORDEAUX,57,38,16,9,13,39,35,+4,windrawlosedrawlose
2006-2007,7,FC SOCHAUX-MONTBÉLIARD,57,38,15,12,11,46,48,-2,losewinwinlosewin
2006-2007,8,AJ AUXERRE,54,38,13,15,10,41,41,0,drawwinlosewinwin
2006-2007,9,AS MONACO,51,38,13,12,13,45,38,+7,drawloselosewinwin
2006-2007,10,LOSC LILLE,50,38,13,11,14,45,43,+2,loselosewinlosedraw
2006-2007,11,AS SAINT-ÉTIENNE,49,38,14,7,17,52,50,+2,drawwinloseloselose
2006-2007,12,LE MANS FC,49,38,11,16,11,45,46,-1,losedrawwindrawdraw
2006-2007,13,AS NANCY LORRAINE,49,38,13,10,15,37,44,-7,winwinlosewinlose
2006-2007,14,FC LORIENT,49,38,12,13,13,33,40,-7,drawlosewinloselose
2006-2007,15,PARIS SAINT-GERMAIN,48,38,12,12,14,42,42,0,windrawlosewinwin
2006-2007,16,OGC NICE,43,38,9,16,13,34,40,-6,drawlosewindrawdraw
2006-2007,17,VALENCIENNES FC,43,38,11,10,17,36,48,-12,drawlosewindrawlose
2006-2007,18,ESTAC TROYES,39,38,9,12,17,39,54,-15,winlosedrawlosewin
2006-2007,19,C.S. SEDAN ARDENNES,35,38,7,14,17,46,58,-12,losewinlosedrawlose
2006-2007,20,FC NANTES,34,38,7,13,18,29,49,-20,losedrawwindrawlose
2007-2008,1,OLYMPIQUE LYONNAIS,79,38,24,7,7,74,37,+37,windrawdrawwinwin
2007-2008,2,FC GIRONDINS DE BORDEAUX,75,38,22,9,7,65,38,+27,windrawwinwindraw
2007-2008,3,OLYMPIQUE DE MARSEILLE,62,38,17,11,10,58,45,+13,losewinlosedrawwin
2007-2008,4,AS NANCY LORRAINE,60,38,15,15,8,44,30,+14,drawdrawwinloselose
2007-2008,5,AS SAINT-ÉTIENNE,58,38,16,10,12,47,34,+13,winwindrawdrawwin
2007-2008,6,STADE RENNAIS FC,58,38,16,10,12,47,44,+3,winwindrawwinwin
2007-2008,7,LOSC LILLE,57,38,13,18,7,45,32,+13,winwindrawwindraw
2007-2008,8,OGC NICE,55,38,13,16,9,35,30,+5,losedrawdrawwinwin
2007-2008,9,LE MANS FC,53,38,14,11,13,46,49,-3,drawwindrawdrawlose
2007-2008,10,FC LORIENT,52,38,12,16,10,32,35,-3,losedrawdrawwindraw
2007-2008,11,STADE MALHERBE CAEN,51,38,13,12,13,48,53,-5,windrawdrawwinlose
2007-2008,12,AS MONACO,47,38,13,8,17,40,48,-8,winlosedrawwinlose
2007-2008,13,VALENCIENNES FC,45,38,12,9,17,42,40,+2,losedrawloseloselose
2007-2008,14,FC SOCHAUX-MONTBÉLIARD,44,38,10,14,14,34,43,-9,losedrawdrawloselose
2007-2008,15,AJ AUXERRE,44,38,12,8,18,33,52,-19,drawlosewinloselose
2007-2008,16,PARIS SAINT-GERMAIN,43,38,10,13,15,37,45,-8,losewindrawdrawwin
2007-2008,17,TOULOUSE FC,42,38,9,15,14,36,42,-6,loselosedrawlosewin
2007-2008,18,RC LENS,40,38,9,13,16,43,52,-9,winlosedrawlosedraw
2007-2008,19,RC STRASBOURG ALSACE,35,38,9,8,21,34,55,-21,loseloseloseloselose
2007-2008,20,FC METZ,24,38,5,9,24,28,64,-36,drawlosedrawlosewin
2008-2009,1,FC GIRONDINS DE BORDEAUX,80,38,24,8,6,64,34,+30,winwinwinwinwin
2008-2009,2,OLYMPIQUE DE MARSEILLE,77,38,22,11,5,67,35,+32,drawwinlosewinwin
2008-2009,3,OLYMPIQUE LYONNAIS,71,38,20,11,7,52,29,+23,losewinwinwindraw
2008-2009,4,TOULOUSE FC,64,38,16,16,6,45,27,+18,drawdrawdrawwindraw
2008-2009,5,LOSC LILLE,64,38,17,13,8,51,39,+12,losedrawdrawwinwin
2008-2009,6,PARIS SAINT-GERMAIN,64,38,19,7,12,49,38,+11,losewinloselosedraw
2008-2009,7,STADE RENNAIS FC,61,38,15,16,7,42,34,+8,winwindrawwinlose
2008-2009,8,AJ AUXERRE,55,38,16,7,15,35,35,0,winwinwinwinlose
2008-2009,9,OGC NICE,50,38,13,11,14,40,41,-1,drawlosedrawlosedraw
2008-2009,10,FC LORIENT,45,38,10,15,13,47,47,0,windrawdrawlosedraw
2008-2009,11,AS MONACO,45,38,11,12,15,41,45,-4,loselosedrawlosedraw
2008-2009,12,VALENCIENNES FC,44,38,10,14,14,35,42,-7,winlosedrawwinlose
2008-2009,13,GRENOBLE FOOT 38,44,38,10,14,14,24,37,-13,drawlosedrawdrawlose
2008-2009,14,FC SOCHAUX-MONTBÉLIARD,42,38,10,12,16,40,48,-8,losewinlosewinwin
2008-2009,15,AS NANCY LORRAINE,42,38,10,12,16,38,47,-9,drawdrawdrawloselose
2008-2009,16,LE MANS FC,40,38,10,10,18,43,54,-11,loseloselosedrawdraw
2008-2009,17,AS SAINT-ÉTIENNE,40,38,11,7,20,40,56,-16,drawwindrawlosewin
2008-2009,18,STADE MALHERBE CAEN,37,38,8,13,17,42,49,-7,winlosewinloselose
2008-2009,19,FC NANTES,37,38,9,10,19,33,54,-21,loselosedrawlosewin
2008-2009,20,HAVRE ATHLETIC CLUB,26,38,7,5,26,30,67,-37,winlosedrawlosedraw
2009-2010,1,OLYMPIQUE DE MARSEILLE,78,38,23,9,6,69,36,+33,windrawwinlosewin
2009-2010,2,OLYMPIQUE LYONNAIS,72,38,20,12,6,64,38,+26,winwinwindrawwin
2009-2010,3,AJ AUXERRE,71,38,20,11,7,42,29,+13,windrawlosedrawwin
2009-2010,4,LOSC LILLE,70,38,21,7,10,72,40,+32,winwinwinwinlose
2009-2010,5,MONTPELLIER HÉRAULT SC,69,38,20,9,9,50,40,+10,drawlosewinwinwin
2009-2010,6,FC GIRONDINS DE BORDEAUX,64,38,19,7,12,58,40,+18,losewindrawwinlose
2009-2010,7,FC LORIENT,58,38,16,10,12,54,42,+12,windrawdrawlosewin
2009-2010,8,AS MONACO,55,38,15,10,13,39,45,-6,losedrawdrawwindraw
2009-2010,9,STADE RENNAIS FC,53,38,14,11,13,52,41,+11,drawloselosedrawlose
2009-2010,10,VALENCIENNES FC,52,38,14,10,14,50,50,0,drawdrawdrawdrawdraw
2009-2010,11,RC LENS,48,38,12,12,14,40,44,-4,drawwindrawdrawwin
2009-2010,12,AS NANCY LORRAINE,48,38,13,9,16,46,53,-7,drawlosewinlosedraw
2009-2010,13,PARIS SAINT-GERMAIN,47,38,12,11,15,50,46,+4,drawlosedrawloselose
2009-2010,14,TOULOUSE FC,47,38,12,11,15,36,36,0,loseloselosewindraw
2009-2010,15,OGC NICE,44,38,11,11,16,41,57,-16,windrawdrawdrawdraw
2009-2010,16,FC SOCHAUX-MONTBÉLIARD,41,38,11,8,19,28,52,-24,losewinloseloselose
2009-2010,17,AS SAINT-ÉTIENNE,40,38,10,10,18,27,45,-18,loselosewinlosedraw
2009-2010,18,LE MANS FC,32,38,8,8,22,36,59,-23,losedrawlosewinlose
2009-2010,19,U.S. BOULOGNE COTE D'OPALE,31,38,7,10,21,31,62,-31,windrawloselosewin
2009-2010,20,GRENOBLE FOOT 38,23,38,5,8,25,31,61,-30,losewindrawwinlose
2010-2011,1,LOSC LILLE,76,38,21,13,4,68,36,+32,winwinwindrawwin
2010-2011,2,OLYMPIQUE DE MARSEILLE,68,38,18,14,6,62,39,+23,losewindrawdrawdraw
2010-2011,3,OLYMPIQUE LYONNAIS,64,38,17,13,8,61,40,+21,winlosedrawdrawwin
2010-2011,4,PARIS SAINT-GERMAIN,60,38,15,15,8,56,41,+15,drawdrawlosedrawdraw
2010-2011,5,FC SOCHAUX-MONTBÉLIARD,58,38,17,7,14,60,43,+17,winwinlosewinwin
2010-2011,6,STADE RENNAIS FC,56,38,15,11,12,38,35,+3,losedrawwinloselose
2010-2011,7,FC GIRONDINS DE BORDEAUX,51,38,12,15,11,43,42,+1,loselosewinlosewin
2010-2011,8,TOULOUSE FC,50,38,14,8,16,38,36,+2,drawdrawlosewinwin
2010-2011,9,AJ AUXERRE,49,38,10,19,9,45,41,+4,winwindrawlosewin
2010-2011,10,AS SAINT-ÉTIENNE,49,38,12,13,13,46,47,-1,winloseloselosedraw
2010-2011,11,FC LORIENT,49,38,12,13,13,46,48,-2,drawlosedrawloselose
2010-2011,12,VALENCIENNES FC,48,38,10,18,10,45,41,+4,windrawdrawdrawwin
2010-2011,13,AS NANCY LORRAINE,48,38,13,9,16,43,48,-5,losedrawwinwinwin
2010-2011,14,MONTPELLIER HÉRAULT SC,47,38,12,11,15,32,43,-11,losewinloseloselose
2010-2011,15,STADE MALHERBE CAEN,46,38,11,13,14,46,51,-5,drawdrawwindrawdraw
2010-2011,16,STADE BRESTOIS 29,46,38,11,13,14,36,43,-7,drawlosedrawwinlose
2010-2011,17,OGC NICE,46,38,11,13,14,33,48,-15,drawwinlosewinlose
2010-2011,18,AS MONACO,44,38,9,17,12,36,40,-4,drawlosedrawwinlose
2010-2011,19,RC LENS,35,38,7,14,17,35,58,-23,drawwindrawloselose
2010-2011,20,A.C. ARLES - AVIGNON,20,38,3,11,24,21,70,-49,loselosewinwinlose
2011-2012,1,MONTPELLIER HÉRAULT SC,82,38,25,7,6,68,34,+34,windrawwinwinwin
2011-2012,2,PARIS SAINT-GERMAIN,79,38,23,10,5,75,41,+34,losewinwinwinwin
2011-2012,3,LOSC LILLE,74,38,21,11,6,72,39,+33,winwinwinlosewin
2011-2012,4,OLYMPIQUE LYONNAIS,64,38,19,7,12,64,51,+13,winwindrawdrawlose
2011-2012,5,FC GIRONDINS DE BORDEAUX,61,38,16,13,9,53,41,+12,winwinwinwinwin
2011-2012,6,STADE RENNAIS FC,60,38,17,9,12,53,44,+9,winloseloselosewin
2011-2012,7,AS SAINT-ÉTIENNE,57,38,16,9,13,49,45,+4,winlosedrawloselose
2011-2012,8,TOULOUSE FC,56,38,15,11,12,37,34,+3,losedrawdrawdrawlose
2011-2012,9,EVIAN THONON GAILLARD F. C.,50,38,13,11,14,54,55,-1,losedrawwindrawlose
2011-2012,10,OLYMPIQUE DE MARSEILLE,48,38,12,12,14,45,41,+4,losewindrawwinlose
2011-2012,11,AS NANCY LORRAINE,45,38,11,12,15,38,48,-10,drawloselosewinlose
2011-2012,12,VALENCIENNES FC,43,38,12,7,19,40,50,-10,winloseloselosewin
2011-2012,13,OGC NICE,42,38,10,12,16,39,46,-7,loselosedrawdrawwin
2011-2012,14,FC SOCHAUX-MONTBÉLIARD,42,38,11,9,18,40,60,-20,loselosewinwinwin
2011-2012,15,STADE BRESTOIS 29,41,38,8,17,13,31,38,-7,losedrawdrawwinwin
2011-2012,16,AC AJACCIO,41,38,9,14,15,40,61,-21,losewinlosedrawwin
2011-2012,17,FC LORIENT,39,38,9,12,17,35,49,-14,winlosedrawloselose
2011-2012,18,STADE MALHERBE CAEN,38,38,9,11,18,39,59,-20,drawwinloseloselose
2011-2012,19,DIJON FCO,36,38,9,9,20,38,63,-25,loselosedrawdrawlose
2011-2012,20,AJ AUXERRE,34,38,7,13,18,46,57,-11,winwinloseloselose
2012-2013,1,PARIS SAINT-GERMAIN,83,38,25,8,5,69,23,+46,windrawwinwinwin
2012-2013,2,OLYMPIQUE DE MARSEILLE,71,38,21,8,9,42,36,+6,winwinwinlosedraw
2012-2013,3,OLYMPIQUE LYONNAIS,67,38,19,10,9,61,38,+23,drawwinlosedrawwin
2012-2013,4,OGC NICE,64,38,18,10,10,57,46,+11,winwinlosedrawwin
2012-2013,5,AS SAINT-ÉTIENNE,63,38,16,15,7,60,32,+28,drawdrawlosewindraw
2012-2013,6,LOSC LILLE,62,38,16,14,8,59,40,+19,drawlosewindrawdraw
2012-2013,7,FC GIRONDINS DE BORDEAUX,55,38,13,16,9,40,34,+6,drawdrawwinlosewin
2012-2013,8,FC LORIENT,53,38,14,11,13,57,58,-1,loselosewinloselose
2012-2013,9,MONTPELLIER HÉRAULT SC,52,38,15,7,16,54,51,+3,losewinlosedrawlose
2012-2013,10,TOULOUSE FC,51,38,13,12,13,49,47,+2,drawwinlosewinwin
2012-2013,11,VALENCIENNES FC,48,38,12,12,14,49,53,-4,drawdrawwinlosewin
2012-2013,12,SC BASTIA,47,38,13,8,17,50,66,-16,drawlosewinwindraw
2012-2013,13,STADE RENNAIS FC,46,38,13,7,18,48,59,-11,winloselosedrawlose
2012-2013,14,STADE DE REIMS,43,38,10,13,15,33,42,-9,drawdrawlosewindraw
2012-2013,15,FC SOCHAUX-MONTBÉLIARD,41,38,10,11,17,41,57,-16,drawwinwinlosedraw
2012-2013,16,EVIAN THONON GAILLARD F. C.,40,38,10,10,18,46,53,-7,loselosewinwinlose
2012-2013,17,AC AJACCIO,40,38,9,15,14,39,51,-12,windrawlosedrawlose
2012-2013,18,AS NANCY LORRAINE,38,38,9,11,18,38,58,-20,drawloseloselosewin
2012-2013,19,ESTAC TROYES,37,38,8,13,17,43,61,-18,losewinwinwinlose
2012-2013,20,STADE BRESTOIS 29,29,38,8,5,25,32,62,-30,loseloseloseloselose
2013-2014,1,PARIS SAINT-GERMAIN,89,38,27,8,3,84,23,+61,windrawlosewinwin
2013-2014,2,AS MONACO,80,38,23,11,4,63,31,+32,winwindrawwindraw
2013-2014,3,LOSC LILLE,71,38,20,11,7,46,26,+20,drawwindrawlosewin
2013-2014,4,AS SAINT-ÉTIENNE,69,38,20,9,9,56,34,+22,drawwinwinwinwin
2013-2014,5,OLYMPIQUE LYONNAIS,61,38,17,10,11,56,44,+12,drawwinloselosewin
2013-2014,6,OLYMPIQUE DE MARSEILLE,60,38,16,12,10,53,40,+13,drawdrawwindrawwin
2013-2014,7,FC GIRONDINS DE BORDEAUX,53,38,13,14,11,49,43,+6,winlosewindrawdraw
2013-2014,8,FC LORIENT,49,38,13,10,15,48,53,-5,drawdrawwinwinlose
2013-2014,9,TOULOUSE FC,49,38,12,13,13,46,53,-7,drawlosedrawlosewin
2013-2014,10,SC BASTIA,49,38,13,10,15,42,56,-14,winlosedrawwindraw
2013-2014,11,STADE DE REIMS,48,38,12,12,14,44,52,-8,loselosewinloselose
2013-2014,12,STADE RENNAIS FC,46,38,11,13,14,47,45,+2,drawdrawwinlosewin
2013-2014,13,FC NANTES,46,38,12,10,16,38,43,-5,windrawdrawlosedraw
2013-2014,14,EVIAN THONON GAILLARD F. C.,44,38,11,11,16,39,51,-12,loseloselosewinwin
2013-2014,15,MONTPELLIER HÉRAULT SC,42,38,8,18,12,45,53,-8,drawwinloseloselose
2013-2014,16,EN AVANT GUINGAMP,42,38,11,9,18,34,42,-8,losewindrawwinlose
2013-2014,17,OGC NICE,42,38,12,6,20,30,44,-14,losewinloseloselose
2013-2014,18,FC SOCHAUX-MONTBÉLIARD,40,38,10,10,18,37,61,-24,windrawwinwinlose
2013-2014,19,VALENCIENNES FC,29,38,7,8,23,37,65,-28,loseloseloseloselose
2013-2014,20,AC AJACCIO,23,38,4,11,23,37,72,-35,loseloselosewinlose
2014-2015,1,PARIS SAINT-GERMAIN,83,38,24,11,3,83,36,+47,winwinwinwinwin
2014-2015,2,OLYMPIQUE LYONNAIS,75,38,22,9,7,72,33,+39,winwinlosedrawwin
2014-2015,3,AS MONACO,71,38,20,11,7,51,26,+25,winwinlosewinwin
2014-2015,4,OLYMPIQUE DE MARSEILLE,69,38,21,6,11,76,42,+34,losewinwinwinwin
2014-2015,5,AS SAINT-ÉTIENNE,69,38,19,12,7,51,30,+21,winlosewinwinwin
2014-2015,6,FC GIRONDINS DE BORDEAUX,63,38,17,12,9,47,44,+3,drawdrawwindrawwin
2014-2015,7,MONTPELLIER HÉRAULT SC,56,38,16,8,14,46,39,+7,losedrawwinloselose
2014-2015,8,LOSC LILLE,56,38,16,8,14,43,42,+1,losewinloselosewin
2014-2015,9,STADE RENNAIS FC,50,38,13,11,14,35,42,-7,windrawloseloselose
2014-2015,10,EN AVANT GUINGAMP,49,38,15,4,19,41,55,-14,winwinlosewinlose
2014-2015,11,OGC NICE,48,38,13,9,16,44,53,-9,losedrawlosewinwin
2014-2015,12,SC BASTIA,47,38,12,11,15,37,46,-9,winwinwindrawlose
2014-2015,13,STADE MALHERBE CAEN,46,38,12,10,16,54,55,-1,losedrawwindrawwin
2014-2015,14,FC NANTES,45,38,11,12,15,29,40,-11,drawloselosedrawlose
2014-2015,15,STADE DE REIMS,44,38,12,8,18,47,66,-19,loselosewinwinlose
2014-2015,16,FC LORIENT,43,38,12,7,19,44,50,-6,windrawwindrawlose
2014-2015,17,TOULOUSE FC,42,38,12,6,20,43,64,-21,drawlosewinloselose
2014-2015,18,EVIAN THONON GAILLARD F. C.,37,38,11,4,23,41,62,-21,loseloseloseloselose
2014-2015,19,FC METZ,30,38,7,9,22,31,61,-30,drawloseloseloselose
2014-2015,20,RC LENS,29,38,7,8,23,32,61,-29,loseloseloselosewin
2015-2016,1,PARIS SAINT-GERMAIN,96,38,30,6,2,102,19,+83,windrawwinwinwin
2015-2016,2,OLYMPIQUE LYONNAIS,65,38,19,8,11,67,43,+24,drawwinwinwinlose
2015-2016,3,AS MONACO,65,38,17,14,7,57,50,+7,windrawwinlosewin
2015-2016,4,OGC NICE,63,38,18,9,11,58,41,+17,drawwinlosewinwin
2015-2016,5,LOSC LILLE,60,38,15,15,8,39,27,+12,windrawwindrawwin
2015-2016,6,AS SAINT-ÉTIENNE,58,38,17,7,14,42,37,+5,winwindrawloselose
2015-2016,7,STADE MALHERBE CAEN,54,38,16,6,16,39,52,-13,losedrawdrawwinwin
2015-2016,8,STADE RENNAIS FC,52,38,13,13,12,52,54,-2,losedrawloseloselose
2015-2016,9,ANGERS SCO,50,38,13,11,14,40,38,+2,windrawloseloselose
2015-2016,10,SC BASTIA,50,38,14,8,16,36,42,-6,loselosedrawwinwin
2015-2016,11,FC GIRONDINS DE BORDEAUX,50,38,12,14,12,50,57,-7,losedrawwinwinlose
2015-2016,12,MONTPELLIER HÉRAULT SC,49,38,14,7,17,49,47,+2,winwinwinwinlose
2015-2016,13,OLYMPIQUE DE MARSEILLE,48,38,10,18,10,48,42,+6,losedrawwinwindraw
2015-2016,14,FC NANTES,48,38,12,12,14,33,44,-11,losedrawwinloselose
2015-2016,15,FC LORIENT,46,38,11,13,14,47,58,-11,drawloseloselosewin
2015-2016,16,EN AVANT GUINGAMP,44,38,11,11,16,47,56,-9,windrawlosedrawlose
2015-2016,17,TOULOUSE FC,40,38,9,13,16,45,55,-10,drawlosedrawwinwin
2015-2016,18,STADE DE REIMS,39,38,10,9,19,44,57,-13,loseloseloselosewin
2015-2016,19,GAZELEC FC AJACCIO,37,38,8,13,17,37,58,-21,losewinloseloselose
2015-2016,20,ESTAC TROYES,18,38,3,9,26,28,83,-55,winloseloselosedraw
2016-2017,1,AS MONACO,95,38,30,5,3,107,31,+76,winwinwinwinwin
2016-2017,2,PARIS SAINT-GERMAIN,87,38,27,6,5,83,27,+56,winlosewinwindraw
2016-2017,3,OGC NICE,78,38,22,12,4,63,36,+27,drawwinloselosedraw
2016-2017,4,OLYMPIQUE LYONNAIS,67,38,21,4,13,77,48,+29,losewinwinwindraw
2016-2017,5,OLYMPIQUE DE MARSEILLE,62,38,17,11,10,57,41,+16,drawwinwindrawwin
2016-2017,6,FC GIRONDINS DE BORDEAUX,59,38,15,14,9,53,43,+10,windrawdrawdrawdraw
2016-2017,7,FC NANTES,51,38,14,9,15,40,54,-14,winwinlosewinlose
2016-2017,8,AS SAINT-ÉTIENNE,50,38,12,14,12,41,42,-1,drawwindrawloselose
2016-2017,9,STADE RENNAIS FC,50,38,12,14,12,36,42,-6,drawlosewinwinlose
2016-2017,10,EN AVANT GUINGAMP,50,38,14,8,16,46,53,-7,loselosewinlosewin
2016-2017,11,LOSC LILLE,46,38,13,7,18,40,47,-7,winwinloselosewin
2016-2017,12,ANGERS SCO,46,38,13,7,18,40,49,-9,loselosedrawwinwin
2016-2017,13,TOULOUSE FC,44,38,10,14,14,37,41,-4,drawloselosedrawdraw
2016-2017,14,FC METZ,43,38,11,10,17,39,72,-33,losewinwindrawlose
2016-2017,15,MONTPELLIER HÉRAULT SC,39,38,10,9,19,48,66,-18,loseloseloseloselose
2016-2017,16,DIJON FCO,37,38,8,13,17,46,58,-12,windrawlosewindraw
2016-2017,17,STADE MALHERBE CAEN,37,38,10,7,21,36,65,-29,loselosewinlosedraw
2016-2017,18,FC LORIENT,36,38,10,6,22,44,70,-26,winlosedrawlosedraw
2016-2017,19,AS NANCY LORRAINE,35,38,9,8,21,29,52,-23,drawloseloselosewin
2016-2017,20,SC BASTIA,34,38,8,10,20,29,54,-25,losewinlosewinlose
2017-2018,1,PARIS SAINT-GERMAIN,93,38,29,6,3,108,29,+79,windrawdrawlosedraw
2017-2018,2,AS MONACO,80,38,24,8,6,85,45,+40,losedrawwinwinwin
2017-2018,3,OLYMPIQUE LYONNAIS,78,38,23,9,6,87,43,+44,winwinwinlosewin
2017-2018,4,OLYMPIQUE DE MARSEILLE,77,38,22,11,5,80,47,+33,windrawwindrawwin
2017-2018,5,STADE RENNAIS FC,58,38,16,10,12,50,44,+6,drawwinwinwindraw
2017-2018,6,FC GIRONDINS DE BORDEAUX,55,38,16,7,15,53,48,+5,losewinwinwinwin
2017-2018,7,AS SAINT-ÉTIENNE,55,38,15,10,13,47,50,-3,winwinloselosewin
2017-2018,8,OGC NICE,54,38,15,9,14,53,52,+1,windrawlosewinlose
2017-2018,9,FC NANTES,52,38,14,10,14,36,41,-5,drawloselosewinwin
2017-2018,10,MONTPELLIER HÉRAULT SC,51,38,11,18,9,36,33,+3,loselosewindrawdraw
2017-2018,11,DIJON FCO,48,38,13,9,16,55,73,-18,loselosewinlosewin
2017-2018,12,EN AVANT GUINGAMP,47,38,12,11,15,48,59,-11,windrawlosedrawlose
2017-2018,13,AMIENS SC,45,38,12,9,17,37,42,-5,windrawdrawwinlose
2017-2018,14,ANGERS SCO,41,38,9,14,15,42,52,-10,losedrawwinloselose
2017-2018,15,RC STRASBOURG ALSACE,38,38,9,11,18,44,67,-23,losedrawlosewinlose
2017-2018,16,STADE MALHERBE CAEN,38,38,10,8,20,27,52,-25,drawloseloselosedraw
2017-2018,17,LOSC LILLE,38,38,10,8,20,41,67,-26,losewinwinwinlose
2017-2018,18,TOULOUSE FC,37,38,9,10,19,38,54,-16,winloseloselosewin
2017-2018,19,ESTAC TROYES,33,38,9,6,23,32,59,-27,losewinlosedrawlose
2017-2018,20,FC METZ,26,38,6,8,24,34,76,-42,drawloseloseloselose
2018-2019,1,PARIS SAINT-GERMAIN,91,38,29,4,5,105,35,+70,losedrawwinwinlose
2018-2019,2,LOSC LILLE,75,38,22,9,7,68,33,+35,windrawwinwinlose
2018-2019,3,OLYMPIQUE LYONNAIS,72,38,21,9,8,70,47,+23,windrawwinwinwin
2018-2019,4,AS SAINT-ÉTIENNE,66,38,19,9,10,59,41,+18,winwinlosewindraw
2018-2019,5,OLYMPIQUE DE MARSEILLE,61,38,18,7,13,60,52,+8,losedrawlosewinwin
2018-2019,6,MONTPELLIER HÉRAULT SC,59,38,15,14,9,53,42,+11,windrawwindrawlose
2018-2019,7,OGC NICE,56,38,15,11,12,30,35,-5,windrawdrawlosewin
2018-2019,8,STADE DE REIMS,55,38,13,16,9,39,42,-3,drawloselosewinwin
2018-2019,9,NÎMES OLYMPIQUE,53,38,15,8,15,57,58,-1,losewinwindrawlose
2018-2019,10,STADE RENNAIS FC,52,38,13,13,12,55,52,+3,drawdrawdrawwinwin
2018-2019,11,RC STRASBOURG ALSACE,49,38,11,16,11,58,48,+10,drawdrawloselosewin
2018-2019,12,FC NANTES,48,38,13,9,16,48,48,0,winwindrawdrawlose
2018-2019,13,ANGERS SCO,46,38,10,16,12,44,49,-5,drawwinloselosedraw
2018-2019,14,FC GIRONDINS DE BORDEAUX,41,38,10,11,17,34,42,-8,loseloseloselosewin
2018-2019,15,AMIENS SC,38,38,9,11,18,31,52,-21,drawdrawdrawlosewin
2018-2019,16,TOULOUSE FC,38,38,8,14,16,35,57,-22,losedrawdrawloselose
2018-2019,17,AS MONACO,36,38,8,12,18,38,57,-19,drawloselosewinlose
2018-2019,18,DIJON FCO,34,38,9,7,22,31,60,-29,loselosewinlosewin
2018-2019,19,STADE MALHERBE CAEN,33,38,7,12,19,29,54,-25,windrawwinloselose
2018-2019,20,EN AVANT GUINGAMP,27,38,5,12,21,28,68,-40,losedrawdrawdrawlose
2019-2020,1,PARIS SAINT-GERMAIN,68,27,22,2,3,75,24,+51,windrawwinwin
2019-2020,2,OLYMPIQUE DE MARSEILLE,56,28,16,8,4,41,29,+12,winwinlosewindraw
2019-2020,3,STADE RENNAIS FC,50,28,15,5,8,38,24,+14,drawlosewinwinwin
2019-2020,4,LOSC LILLE,49,28,15,4,9,35,27,+8,winlosewinwinwin
2019-2020,5,OGC NICE,41,28,11,8,9,41,38,+3,losewindrawdrawwin
2019-2020,6,STADE DE REIMS,41,28,10,11,7,26,21,+5,losewindrawdrawwin
2019-2020,7,OLYMPIQUE LYONNAIS,40,28,11,7,10,42,27,+15,losedrawwinwinlose
2019-2020,8,MONTPELLIER HÉRAULT SC,40,28,11,7,10,35,34,+1,winloselosewinlose
2019-2020,9,AS MONACO,40,28,11,7,10,44,44,0,winwindrawdrawlose
2019-2020,10,RC STRASBOURG ALSACE,38,27,11,5,11,32,32,0,windrawdrawlose
2019-2020,11,ANGERS SCO,39,28,11,6,11,28,33,-5,loselosewinwinwin
2019-2020,12,FC GIRONDINS DE BORDEAUX,37,28,9,10,9,40,34,+6,windrawlosedrawdraw
2019-2020,13,FC NANTES,37,28,11,4,13,28,31,-3,drawdrawwinloselose
2019-2020,14,STADE BRESTOIS 29,34,28,8,10,10,34,37,-3,drawwindrawloselose
2019-2020,15,FC METZ,34,28,8,10,10,27,35,-8,losedrawlosewinwin
2019-2020,16,DIJON FCO,30,28,7,9,12,27,37,-10,drawdrawdrawlosewin
2019-2020,17,AS SAINT-ÉTIENNE,30,28,8,6,14,29,45,-16,loselosedrawlosedraw
2019-2020,18,NÎMES OLYMPIQUE,27,28,7,6,15,29,44,-15,winwinloseloselose
2019-2020,19,AMIENS SC,23,28,4,11,13,31,50,-19,losedrawdrawlosedraw
2019-2020,20,TOULOUSE FC,13,28,3,4,21,22,58,-36,loseloseloseloselose
2020-2021,1,LOSC LILLE,83,38,24,11,3,64,23,+41,winwinwindrawwin
2020-2021,2,PARIS SAINT-GERMAIN,82,38,26,4,8,86,28,+58,winwindrawwinwin
2020-2021,3,AS MONACO,78,38,24,6,8,76,42,+34,winlosewinwindraw
2020-2021,4,OLYMPIQUE LYONNAIS,76,38,22,10,6,81,43,+38,losewinwinwinlose
2020-2021,5,OLYMPIQUE DE MARSEILLE,60,38,16,12,10,54,47,+7,windrawlosewindraw
2020-2021,6,STADE RENNAIS FC,58,38,16,10,12,52,40,+12,winlosedrawlosewin
2020-2021,7,RC LENS,57,38,15,12,11,55,54,+1,winloseloselosedraw
2020-2021,8,MONTPELLIER HÉRAULT SC,54,38,14,12,12,60,62,-2,loselosewindrawwin
2020-2021,9,OGC NICE,52,38,15,7,16,50,53,-3,winlosewinlosewin
2020-2021,10,FC METZ,47,38,12,11,15,44,48,-4,losewinloselosedraw
2020-2021,11,AS SAINT-ÉTIENNE,46,38,12,10,16,42,54,-12,losewinwindrawlose
2020-2021,12,FC GIRONDINS DE BORDEAUX,45,38,13,6,19,42,56,-14,losewinlosewinwin
2020-2021,13,ANGERS SCO,44,38,12,8,18,40,58,-18,loselosewinloselose
2020-2021,14,STADE DE REIMS,42,38,9,15,14,42,50,-8,losedrawloseloselose
2020-2021,15,RC STRASBOURG ALSACE,42,38,11,9,18,49,58,-9,losedrawlosewindraw
2020-2021,16,FC LORIENT,42,38,11,9,18,50,68,-18,winwinlosewindraw
2020-2021,17,STADE BRESTOIS 29,41,38,11,8,19,50,66,-16,winloselosedrawlose
2020-2021,18,FC NANTES,40,38,9,13,16,47,55,-8,winwinwinwinlose
2020-2021,19,NÎMES OLYMPIQUE,35,38,9,8,21,40,71,-31,losedrawwinloselose
2020-2021,20,DIJON FCO,21,38,4,9,25,25,73,-48,loseloseloselosewin
2021-2022,1,PARIS SAINT-GERMAIN,86,38,26,8,4,90,36,+54,drawdrawdrawwinwin
2021-2022,2,OLYMPIQUE DE MARSEILLE,71,38,21,8,9,63,38,+25,winlosewinlosewin
2021-2022,3,AS MONACO,69,38,20,9,9,65,40,+25,winwinwinwindraw
2021-2022,4,STADE RENNAIS FC,66,38,20,6,12,82,40,+42,winwinlosewindraw
2021-2022,5,OGC NICE,66,38,20,7,11,52,36,+16,winwinwinlosewin
2021-2022,6,RC STRASBOURG ALSACE,63,38,17,12,9,60,43,+17,losedrawwinwinlose
2021-2022,7,RC LENS,62,38,17,11,10,62,48,+14,drawdrawwinwindraw
2021-2022,8,OLYMPIQUE LYONNAIS,61,38,17,11,10,66,51,+15,winwinlosewinwin
2021-2022,9,FC NANTES,55,38,15,10,13,55,48,+7,windrawwinlosedraw
2021-2022,10,LOSC LILLE,55,38,14,13,11,48,48,0,winloselosewindraw
2021-2022,11,STADE BRESTOIS 29,48,38,13,9,16,49,57,-8,winwinloseloselose
2021-2022,12,STADE DE REIMS,46,38,11,13,14,43,44,-1,losewinlosewinlose
2021-2022,13,MONTPELLIER HÉRAULT SC,43,38,12,7,19,49,61,-12,losedrawloseloselose
2021-2022,14,ANGERS SCO,41,38,10,11,17,44,55,-11,drawlosewinlosewin
2021-2022,15,ESTAC TROYES,38,38,9,11,18,37,53,-16,losewindrawlosedraw
2021-2022,16,FC LORIENT,36,38,8,12,18,35,63,-28,loseloselosedrawdraw
2021-2022,17,CLERMONT FOOT 63,36,38,9,9,20,38,69,-31,drawlosewinloselose
2021-2022,18,AS SAINT-ÉTIENNE,32,38,7,11,20,42,77,-35,loseloseloselosedraw
2021-2022,19,FC METZ,31,38,6,13,19,35,69,-34,losedrawwinwinlose
2021-2022,20,FC GIRONDINS DE BORDEAUX,31,38,6,13,19,52,91,-39,loseloselosedrawwin
2022-2023,1,PARIS SAINT-GERMAIN,85,38,27,4,7,89,40,+49,winwinwindrawlose
2022-2023,2,RC LENS,84,38,25,9,4,68,29,+39,winwinwinwinwin
2022-2023,3,OLYMPIQUE DE MARSEILLE,73,38,22,7,9,67,40,+27,losewinloseloselose
2022-2023,4,STADE RENNAIS FC,68,38,21,5,12,69,39,+30,losewinwinwinwin
2022-2023,5,LOSC LILLE,67,38,19,10,9,65,44,+21,losedrawwinwindraw
2022-2023,6,AS MONACO,65,38,19,8,11,70,58,+12,windrawloseloselose
2022-2023,7,OLYMPIQUE LYONNAIS,62,38,18,8,12,65,47,+18,winlosewinwinlose
2022-2023,8,CLERMONT FOOT 63,59,38,17,8,13,45,49,-4,drawwinlosewinwin
2022-2023,9,OGC NICE,58,38,15,13,10,48,37,+11,winlosedrawwinwin
2022-2023,10,FC LORIENT,55,38,15,10,13,52,53,-1,windrawloselosewin
2022-2023,11,STADE DE REIMS,51,38,12,15,11,45,45,0,winlosedrawloselose
2022-2023,12,MONTPELLIER HÉRAULT SC,50,38,15,5,18,65,62,+3,losedrawwinlosewin
2022-2023,13,TOULOUSE FC,48,38,13,9,16,51,57,-6,drawdrawdrawdrawwin
2022-2023,14,STADE BRESTOIS 29,44,38,11,11,16,44,54,-10,losewinwinwinlose
2022-2023,15,RC STRASBOURG ALSACE,40,38,9,13,16,51,59,-8,winwindrawdrawlose
2022-2023,16,FC NANTES,36,38,7,15,16,37,55,-18,losedrawloselosewin
2022-2023,17,AJ AUXERRE,35,38,8,11,19,35,63,-28,drawloselosedrawlose
2022-2023,18,AC AJACCIO,26,38,7,5,26,23,74,-51,drawloseloselosewin
2022-2023,19,ESTAC TROYES,24,38,4,12,22,45,81,-36,loselosedrawlosedraw
2022-2023,20,ANGERS SCO,18,38,4,6,28,33,81,-48,loselosedrawwinlose
2023-2024,1,PARIS SAINT-GERMAIN,76,34,22,10,2,81,33,+48,windrawwinlosewin
2023-2024,2,AS MONACO,67,34,20,7,7,68,42,+26,winlosewinwinwin
2023-2024,3,STADE BRESTOIS 29,61,34,17,10,7,53,34,+19,losewindrawdrawwin
2023-2024,4,LOSC LILLE,59,34,16,11,7,52,34,+18,winwinlosewindraw
2023-2024,5,OGC NICE,55,34,15,10,9,40,29,+11,winwinlosewindraw
2023-2024,6,OLYMPIQUE LYONNAIS,53,34,16,5,13,49,55,-6,losewinwinwinwin
2023-2024,7,RC LENS,51,34,14,9,11,45,37,+8,winlosewindrawdraw
2023-2024,8,OLYMPIQUE DE MARSEILLE,50,34,13,11,10,52,41,+11,drawwinlosewinwin
2023-2024,9,STADE DE REIMS,47,34,13,8,13,42,47,-5,loselosewindrawwin
2023-2024,10,STADE RENNAIS FC,46,34,12,10,12,53,46,+7,winlosewindrawlose
2023-2024,11,TOULOUSE FC,43,34,11,10,13,42,46,-4,drawwinlosewinlose
2023-2024,12,MONTPELLIER HÉRAULT SC,41,34,10,12,12,43,48,-5,windrawwinlosedraw
2023-2024,13,RC STRASBOURG ALSACE,39,34,10,9,15,38,50,-12,loseloselosewinlose
2023-2024,14,FC NANTES,33,34,9,6,19,30,55,-25,losedrawdrawloselose
2023-2024,15,HAVRE ATHLETIC CLUB,32,34,7,11,16,34,45,-11,losedrawwinloselose
2023-2024,16,FC METZ,29,34,8,5,21,35,58,-23,winloseloseloselose
2023-2024,17,FC LORIENT,29,34,7,8,19,43,66,-23,loseloseloselosewin
2023-2024,18,CLERMONT FOOT 63,25,34,5,10,19,26,60,-34,losewinloseloselose
